id,fare,travel,wait,transfer,walk,weight_cost,non_weight_cost
0,2,50,3,0,4,11.8,59
1,2,45,5,1,2,11.0,55
2,2,55,2,0,2,12.200000000000001,61
3,2,50,3,0,4,11.8,59
4,2,60,5,1,5,14.6,73
5,2,30,6,1,2,8.200000000000001,41
6,2,35,4,1,2,8.8,44
7,2,40,5,0,4,10.200000000000001,51
