Pas,Path,Fare,Travel,Wait,W_Fare,W_Travel,W_Wait,WeightedCost,NonWeightCost
A,1,12,70,0,0.6,0.3,0.0,11.099999999999998,14.0
A,2,8,96,0,0.6,0.3,0.0,10.16,19.200000000000003
A,3,10,75,0,0.6,0.3,0.0,10.1,15.0
A,4,15,105,0,0.6,0.3,0.0,15.100000000000001,21.0
B,1,12,70,0,0.1,0.6,0.0,8.700000000000001,14.0
B,2,8,96,0,0.1,0.6,0.0,11.120000000000003,19.200000000000003
B,3,10,75,0,0.1,0.6,0.0,8.8,15.0
B,4,15,105,0,0.1,0.6,0.0,13.5,21.0
