Pas,Path,Fare,Travel,Wait,W_Fare,W_Travel,W_Wait,WeightedCost,NonWeightCost
A,1,9,38,25,0.7,0.2,0.1,16.4,63
A,2,6,55,10,0.7,0.2,0.1,16.2,65
A,3,7,45,20,0.7,0.2,0.1,15.899999999999999,65
A,4,10,40,15,0.7,0.2,0.1,16.5,55
B,1,9,38,25,0.1,0.7,0.2,32.5,63
B,2,6,55,10,0.1,0.7,0.2,41.1,65
B,3,7,45,20,0.1,0.7,0.2,36.199999999999996,65
B,4,10,40,15,0.1,0.7,0.2,32.0,55
