Pas,Path,Fare,Travel,Comfort,Weight_Fare,Weight_Travel,Weight_Comfort,WeightedCost,NonWeightCost
A,1,12,70,-3,0.6,0.3,0.1,11.099999999999998,26.0
A,2,8,96,-4,0.6,0.3,0.1,10.16,27.200000000000003
A,3,10,75,-4,0.6,0.3,0.1,10.1,25.0
A,4,15,105,-2,0.6,0.3,0.1,15.100000000000001,36.0
B,1,12,70,-3,0.1,0.6,0.3,8.700000000000001,26.0
B,2,8,96,-4,0.1,0.6,0.3,11.120000000000003,27.200000000000003
B,3,10,75,-4,0.1,0.6,0.3,8.8,25.0
B,4,15,105,-2,0.1,0.6,0.3,13.5,36.0
